Mobile Name,Price,Rating
"CMF by Nothing Phone 2 Pro (Black, 128 GB)","₹18,999",4.4
"Nothing Phone (3a) (White, 256 GB)","₹26,999",4.5
"vivo T4x 5G (Pronto Purple, 128 GB)","₹14,999",4.5
"POCO C71 (Cool Blue, 128 GB)","₹6,999",4.1
"Nothing Phone (3a) Pro (Black, 256 GB)","₹33,999",4.5
"REDMI Note 14 Pro 5G (Ivy Green, 128 GB)","₹22,999",4.4
"POCO C71 (Desert Gold, 128 GB)","₹6,999",4.1
"REDMI A3X (Ocean Green, 64 GB)","₹5,999",4.1
"Samsung Galaxy F05 (Twilight Blue, 64 GB)","₹6,499",4.2
"POCO F7 5G (Phantom Black, 512 GB)","₹33,999",4.4
"OPPO Reno14 5G (Forest Green, 256 GB)","₹37,999",4.4
"REDMI A3X (Midnight Black, 64 GB)","₹5,999",4.1
"vivo T4x 5G (Marine Blue, 128 GB)","₹13,999",4.4
"REDMI A5 (Pondicherry Blue, 128 GB)","₹7,499",4.2
"vivo T4 Lite 5G Charger in the Box (Titanium Gold, 128 GB)","₹10,999",4.6
"MOTOROLA g35 5G (Guava Red, 128 GB)","₹9,999",4.2
"POCO C75 5G (Enchanted Green, 64 GB)","₹7,699",4.3
"vivo T4 Lite 5G Charger in the Box (Prism Blue, 128 GB)","₹10,999",4.6
"MOTOROLA g05 (Forest Green, 64 GB)","₹7,299",4.2
"POCO M6 Plus 5G (Ice Silver, 128 GB)","₹10,080",4.2
"Motorola g45 5G (Pink Lavender, 128 GB)","₹10,999",4.3
"MOTOROLA Edge 60 Fusion 5G (PANTONE Slipstream, 256 GB)","₹22,999",4.5
"Motorola Edge 50 Fusion (Marshmallow Blue, 128 GB)","₹18,999",4.5
"vivo T4 Lite 5G Charger in the Box (Titanium Gold, 128 GB)","₹9,999",4.5
"MOTOROLA g05 (Plum Red, 64 GB)","₹7,299",4.2
"Motorola g45 5G (Brilliant Blue, 128 GB)","₹11,999",4.3
"vivo T4x 5G (Pronto Purple, 256 GB)","₹16,999",4.5
"Motorola Edge 50 Fusion (Forest Blue, 256 GB)","₹20,999",4.4
Samsung Guru Music 2 B310ED,₹990,3.2
"POCO C75 5G (Aqua Bliss, 64 GB)","₹7,699",4.3
"OPPO Reno 12 5G (Matte Brown, 256 GB)","₹19,999",4.4
"vivo T4 Lite 5G Charger in the Box (Prism Blue, 256 GB)","₹12,999",4.5
"MOTOROLA Edge 60 Fusion 5G (PANTONE Zephyr, 256 GB)","₹22,999",4.5
"OPPO K13 5G with 7000mAh and 80W SUPERVOOC Charger In-The-Box (Prism Black, 128 GB)","₹17,999",4.5
"vivo T4x 5G (Pronto Purple, 128 GB)","₹13,999",4.4
"POCO C71 (Power Black, 64 GB)","₹6,399",3.9
"Samsung Galaxy F16 5G (Bling Black, 128 GB)","₹10,749",4.2
"MOTOROLA g35 5G (Midnight Black, 128 GB)","₹9,999",4.2
"POCO F7 5G (Cyber Silver Edition, 256 GB)","₹31,999",4.4
"vivo T4 Lite 5G Charger in the Box (Prism Blue, 128 GB)","₹9,999",4.5
"vivo T4 5G (Phantom Grey, 256 GB)","₹23,999",4.5
"Motorola Edge 50 Fusion (Forest Blue, 128 GB)","₹18,999",4.5
"Samsung Galaxy A35 5G (Awesome Lilac, 128 GB)","₹19,999",4.3
"OPPO K13x 5G 6000mAh and 45W SUPERVOOC Charger & AI (Sunset Peach, 128 GB)","₹12,999",4.7
"POCO M7 5G (Mint Green, 128 GB)","₹9,299",4.1
Samsung Guru 1200,₹978,3.2
"REDMI A3X (Olive Green, 64 GB)","₹5,999",4.1
"Motorola G85 5G (Viva Magenta, 128 GB)","₹16,999",4.4
"Samsung Galaxy F16 5G (Bling Black, 128 GB)","₹11,999",4.2
"POCO F7 5G (Phantom Black, 256 GB)","₹31,999",4.4
"Motorola g45 5G (Brilliant Green, 128 GB)","₹11,999",4.3
"MOTOROLA g35 5G (Leaf Green, 128 GB)","₹9,999",4.2
"Motorola g45 5G (Pink Lavender, 128 GB)","₹11,999",4.3
"Motorola g45 5G (Viva Magenta, 128 GB)","₹11,999",4.3
"POCO M7 Pro 5G (Lavender Frost, 256 GB)","₹14,999",4.3
"REDMI A5 (Just Black, 64 GB)","₹6,499",4.2
"Samsung Galaxy F16 5G (Glam Green, 128 GB)","₹10,749",4.2
"realme P3 5G (Space Silver, 256 GB)","₹18,499",4.4
"POCO C75 5G (Silver Stardust, 64 GB)","₹7,699",4.3
"vivo T4x 5G (Marine Blue, 256 GB)","₹16,999",4.5
"Motorola Edge 50 Fusion (Hot Pink, 128 GB)","₹18,999",4.5
"POCO C71 (Power Black, 128 GB)","₹6,999",4.1
"realme GT 6 (Razor Green, 256 GB)","₹28,999",4.5
"POCO F7 5G (Cyber Silver Edition, 512 GB)","₹33,999",4.4
"REDMI 13 5G (Orchid Pink, 128 GB)","₹13,999",4.3
"REDMI A3X (Ocean Green, 64 GB)","₹6,499",4.1
"realme GT 6 (Fluid Silver, 256 GB)","₹27,999",4.5
"Infinix Note 50s 5G+ (Titanium Grey, 128 GB)","₹14,999",4.4
"Samsung Galaxy F06 5G (Lit Violet, 128 GB)","₹9,499",4.1
"POCO M7 Pro 5G (Lunar Dust, 128 GB)","₹12,999",4.3
"REDMI 13 5G (Hawaiian Blue, 128 GB)","₹11,942",4.3
"Motorola Edge 50 Fusion (Marshmallow Blue, 256 GB)","₹20,999",4.4
"Infinix Note 50s 5G+ (Burgundy Red, 128 GB)","₹15,999",4.4
"IQOO Z10X 5G (Ultramarine, 128 GB)","₹13,678",4.4
"Samsung Galaxy A35 5G (Awesome Iceblue, 256 GB)","₹21,999",4.3
"POCO M6 Plus 5G (Graphite Black, 128 GB)","₹10,080",4.2
"realme Narzo N61 (Vyage Blue, 64 GB)","₹7,244",4.3
"POCO M7 5G (Ocean Blue, 128 GB)","₹9,299",4.1
"REDMI 13 5G (Orchid Pink, 128 GB)","₹12,499",4.3
"POCO C75 5G (Enchanted Green, 128 GB)","₹8,499",4.3
"vivo T4x 5G (Marine Blue, 128 GB)","₹14,999",4.5
"realme C61 (Safari Green, 128 GB)","₹8,199",4.3
Samsung Guru Music 2,₹995,3.1
"IQOO Z10X 5G (Titanium, 128 GB)","₹13,790",4.4
"Samsung Galaxy A35 5G (Awesome Navy, 256 GB)","₹21,999",4.3
"Motorola Edge 50 Fusion (Hot Pink, 256 GB)","₹20,999",4.4
"Motorola G85 5G (Olive Green, 256 GB)","₹18,999",4.4
"POCO M7 Pro 5G (Lavender Frost, 128 GB)","₹12,999",4.3
"Motorola g45 5G (Brilliant Blue, 128 GB)","₹10,999",4.3
"OPPO K13 5G with 7000mAh and 80W SUPERVOOC Charger In-The-Box (Icy Purple, 128 GB)","₹17,999",4.5
"Motorola g45 5G (Viva Magenta, 128 GB)","₹10,999",4.3
itel it5330 | 2.8 inch Big Display | 1900 mAh Battery | Kingvoice,"₹1,349",4.1
"OPPO K13 5G with 7000mAh and 80W SUPERVOOC Charger In-The-Box (Icy Purple, 256 GB)","₹19,999",4.5
"MOTOROLA Edge 60 Fusion 5G (PANTONE Mykonos Blue, 256 GB)","₹22,999",4.5
"POCO F7 5G (Frost White, 512 GB)","₹33,999",4.4
"Samsung Galaxy A35 5G (Awesome Navy, 128 GB)","₹19,999",4.3
"Samsung Galaxy M35 5G (Moonlight Blue, 128 GB)","₹16,985",4.4
"REDMI A5 (Pondicherry Blue, 64 GB)","₹6,499",4.2
"MOTOROLA Edge 60 Fusion 5G (PANTONE Slipstream, 256 GB)","₹24,999",4.5
"realme C61 (Marble Black, 128 GB)","₹8,199",4.3
"Infinix SMART 9 HD (Mint Green, 64 GB)","₹6,699",4.1
"POCO M7 Pro 5G (Olive Twilight, 128 GB)","₹12,999",4.3
"realme P3x 5G (Midnight Blue, 128 GB)","₹12,999",4.4
"realme 14x 5G (Jewel Red, 128 GB)","₹14,999",4.4
"vivo Y19e (Titanium Silver, 64 GB)","₹7,999",4.3
"OPPO K13x 5G 6000mAh and 45W SUPERVOOC Charger & AI (Midnight Violet, 128 GB)","₹14,999",4.5
"realme P3 Pro 5G (Saturn Brown, 128 GB)","₹21,999",4.4
"IQOO Z9s 5G (Titanium Matte, 128 GB)","₹18,948",4.4
"vivo T4 5G (Phantom Grey, 256 GB)","₹25,999",4.5
"OPPO F27 Pro+ (Midnight Navy, 128 GB)","₹18,749",4.4
"MOTOROLA Edge 60 Pro (Pantone Sparkling Grape, 256 GB)","₹29,999",4.4
"vivo T4 5G (Emerald Blaze, 256 GB)","₹23,999",4.5
"Samsung Galaxy F16 5G (Bling Black, 128 GB)","₹13,499",4.2
"Nokia 105 Single SIM, Keypad Mobile Phone with Wireless FM Radio","₹1,219",3.9
"REDMI 13 5G (Orchid Pink, 128 GB)","₹11,914",4.3
"vivo T4 Lite 5G Charger in the Box (Titanium Gold, 256 GB)","₹12,999",4.5
"Nokia 105 Single SIM, Keypad Mobile Phone with Wireless FM Radio","₹1,298",3.9
"REDMI A3X (Ocean Green, 128 GB)","₹6,999",4.1
"MOTOROLA Edge 60 Stylus (PANTONE Surf the Web, 256 GB)","₹22,999",4.3
"Motorola g45 5G (Brilliant Green, 128 GB)","₹10,999",4.3
"Motorola g64 5G (Berry Red, 256 GB)","₹15,999",4.2
"Motorola G85 5G (Urban Grey, 128 GB)","₹16,999",4.4
"OPPO K13x 5G 6000mAh and 45W SUPERVOOC Charger & AI (Midnight Violet, 128 GB)","₹12,999",4.7
"Motorola G85 5G (Cobalt Blue, 128 GB)","₹16,999",4.4
"POCO M7 5G (Mint Green, 128 GB)","₹10,299",4.2
Nokia 105 Classic with Charger,₹998,3.7
"IQOO Z10 5G (Stellar Black / Black, 128 GB)","₹21,499",4.5
"realme P2 Pro 5G (Parrot Green, 512 GB)","₹23,999",4.4
"MOTOROLA Edge 60 Fusion 5G (PANTONE Amazonite, 256 GB)","₹22,999",4.5
"realme 14T 5G (Obsidian Black, 256 GB)","₹19,999",4.3
"REDMI 14C 5G (Stardust Purple, 128 GB)","₹11,499",4.2
"vivo Y19e (Majestic Green, 64 GB)","₹7,999",4.3
"POCO X7 5G (Yellow, 128 GB)","₹16,999",4.3
Samsung Metro B313E Dual Sim - White,₹956,3.1
"Samsung Galaxy F06 5G (Bahama Blue, 128 GB)","₹9,499",4.1
"OPPO K12x 5G with 45W SUPERVOOC Charger In-The-Box (Feather Pink, 128 GB)","₹12,999",4.5
"realme P3 5G (Space Silver, 128 GB)","₹15,999",4.4
"realme P2 Pro 5G (Parrot Green, 256 GB)","₹19,199",4.4
"REDMI 14C 5G (Stardust Purple, 64 GB)","₹9,499",4.2
"OPPO K13 5G with 7000mAh and 80W SUPERVOOC Charger In-The-Box (Prism Black, 256 GB)","₹19,999",4.5
"Samsung Galaxy F06 5G (Bahama Blue, 128 GB)","₹10,999",4.1
"Motorola G85 5G (Olive Green, 128 GB)","₹16,999",4.4
"OPPO K13x 5G 6000mAh and 45W SUPERVOOC Charger & AI (Sunset Peach, 128 GB)","₹11,999",4.6
Samsung SM 1207,₹842,3.2
"Nothing Phone (3a) (White, 256 GB)","₹26,999",4.5
"OnePlus Nord CE4 lite 5G (SUPER SILVER, 128 GB)","₹16,995",4.4
"IQOO Z9s 5G (Titanium Matte, 128 GB)","₹18,929",4.4
"IQOO Z10X 5G (Titanium, 128 GB)","₹13,790",4.4
LAVA A1 Josh BOL Keypad Mobile|1000 mAh Battery|Expandable Storage 32GB,"₹1,299",4
"realme Narzo N61 (Marble Black, 128 GB)","₹8,937",4.2
"Samsung Galaxy S24 Ultra 5G (Titanium Gray, 256 GB)","₹80,999",4.6
"Motorola Edge 50 Neo (PANTONE Poinciana, 256 GB)","₹19,999",4.4
"realme P3 5G (Space Silver, 256 GB)","₹18,499",4.4
"REDMI A3X (Ocean Green, 64 GB)","₹6,499",4.1
"REDMI A3X (Ocean Green, 64 GB)","₹5,999",4.1
Kechaoda A26,₹918,4
"realme Narzo N61 (Vyage Blue, 64 GB)","₹7,244",4.3
"REDMI A4 5G only on Jio SIM (Sparkle Purple, 64 GB)","₹8,567",4.3
"POCO M7 Pro 5G (Olive Twilight, 128 GB)","₹12,999",4.3
"Infinix Note 50s 5G+ (Titanium Grey, 128 GB)","₹15,999",4.4
"IQOO Z10X 5G (Titanium, 128 GB)","₹15,200",4.4
"REDMI A3X (Olive Green, 64 GB)","₹5,999",4.1
"Infinix Note 50x 5G+ (Enchanted Purple, 128 GB)","₹12,999",4.3
"Nothing Phone (3a) (Black, 128 GB)","₹24,999",4.5
"Nothing Phone (3a) (Black, 256 GB)","₹26,999",4.5
"Nothing Phone (3a) (White, 128 GB)","₹24,999",4.5
"Nothing Phone (3a) (Blue, 128 GB)","₹24,999",4.5
"Nothing Phone (3a) (Blue, 256 GB)","₹26,999",4.5
"Nothing Phone (3a) (Blue, 256 GB)","₹26,999",4.5
"Infinix Note 50s 5G+ (Marine Drift, 256 GB)","₹17,999",4.4
"Infinix Note 50s 5G+ (Titanium Grey, 256 GB)","₹17,999",4.4
"Infinix Note 50s 5G+ (Marine Drift, 128 GB)","₹15,999",4.4
"Samsung Galaxy A16 5G (Gold, 128 GB)","₹14,793",4.2
"REDMI A3X (Ocean Green, 128 GB)","₹6,999",4.1
"Infinix Note 50x 5G+ (Sea Breeze Green, 128 GB)","₹12,999",4.3
"Apple iPhone 14 (Starlight, 128 GB)","₹52,990",4.6
"OnePlus Nord CE4 lite 5G (SUPER SILVER, 256 GB)","₹22,490",4.4
"IQOO Z10X 5G (Ultramarine, 128 GB)","₹15,038",4.4
"IQOO Z10X 5G (Ultramarine, 256 GB)","₹16,780",4.4
Kechaoda A26,₹935,4
"Tecno Spark Go 2 (Ink Black, 64 GB)","₹6,999",4.4
"Tecno Spark Go 2 (Veil White, 64 GB)","₹6,999",4.4
"Infinix Note 50x 5G+ (Titanium Grey, 128 GB)","₹11,499",4.3
Kechaoda K115,₹990,4.1
"MOTOROLA Edge 60 5G (PANTONE Shamrock, 256 GB)","₹25,999",4.4
Nokia 105 Classic with Charger,"₹1,249",3.7
"vivo T3 Pro 5G (Sandstone Orange, 128 GB)","₹22,999",4.5
"vivo T3 Pro 5G (Emerald Green, 128 GB)","₹22,999",4.5
"vivo T3 Pro 5G (Emerald Green, 256 GB)","₹24,999",4.5
"Motorola g45 5G (Brilliant Green, 128 GB)","₹10,999",4.3
"Infinix Note 50x 5G+ (Enchanted Purple, 128 GB)","₹11,499",4.3
"Infinix Note 50x 5G+ (Sea Breeze Green, 128 GB)","₹11,499",4.3
"Motorola g45 5G (Pink Lavender, 128 GB)","₹11,999",4.3
"realme P3 5G (Nebula Pink, 256 GB)","₹18,499",4.4
"Apple iPhone 13 (Midnight, 128 GB)","₹44,999",4.6
"IQOO Z10X 5G (Ultramarine, 128 GB)","₹13,678",4.4
"realme GT 6 (Fluid Silver, 512 GB)","₹32,999",4.5
"Nothing Phone (3a) Pro (Black, 256 GB)","₹33,999",4.5
"Infinix Note 50x 5G+ (Titanium Grey, 128 GB)","₹12,999",4.3
Kechaoda K115,₹994,4.1
"vivo T3 Pro 5G (Sandstone Orange, 256 GB)","₹24,999",4.5
"POCO F7 5G (Cyber Silver Edition, 256 GB)","₹31,999",4.4
"Apple iPhone 16 Pro (Desert Titanium, 256 GB)","₹1,22,900",4.7
"OPPO F27 Pro+ (Dusk Pink, 128 GB)","₹18,749",4.4
"OPPO F27 Pro+ (Midnight Navy, 128 GB)","₹18,749",4.4
"OPPO F27 Pro+ (Midnight Navy, 256 GB)","₹20,749",4.4
"Nothing Phone (3a) Pro (Grey, 256 GB)","₹31,999",4.5
"Nothing Phone (3a) Pro (Black, 128 GB)","₹29,999",4.5
"Nothing Phone (3a) Pro (Grey, 128 GB)","₹29,999",4.5
"Nothing Phone (3a) Pro (Black, 256 GB)","₹31,999",4.5
"Samsung Galaxy M35 5G (Thunder Grey, 128 GB)","₹15,847",4.3
"Apple iPhone 16 Pro (Black Titanium, 128 GB)","₹1,12,900",4.7
"Samsung Galaxy F06 5G (Bahama Blue, 128 GB)","₹9,499",4.1
"POCO C71 (Cool Blue, 128 GB)","₹6,999",4.1
"Apple iPhone 15 (Black, 128 GB)","₹64,900",4.6
"vivo T3 5G (Cosmic Blue, 256 GB)","₹18,999",4.4
"MOTOROLA Edge 60 Stylus (PANTONE Gibraltar Sea, 256 GB)","₹22,999",4.3
"Nokia 106 4G Keypad Mobile, Long-Lasting Battery, MicroSD Card Slot","₹1,999",4
"Samsung Galaxy M35 5G (Moonlight Blue, 128 GB)","₹16,985",4.4
"Samsung Galaxy M35 5G (Thunder Grey, 128 GB)","₹15,950",4.4
"Tecno POP 9 4G (Magic Skin Green, 64 GB)","₹6,499",4.2
"Apple iPhone 13 (Starlight, 128 GB)","₹44,999",4.6
"POCO X7 5G (Yellow, 128 GB)","₹16,999",4.3
"Motorola G85 5G (Cobalt Blue, 256 GB)","₹18,999",4.4
Kechaoda K115,₹998,4.1
"Infinix SMART 9 HD (Neo Titanium, 64 GB)","₹6,699",4.1
"POCO C61 (Mystical Green, 64 GB)","₹6,820",4.1
itel Keypad Mobile | 2.4 inch Display| Type C Charging,"₹1,069",4.1
"Nokia 105 Single SIM, Keypad Mobile Phone with Wireless FM Radio","₹1,298",3.9
"vivo Y19e (Titanium Silver, 64 GB)","₹7,999",4.3
Kechaoda A26,₹895,4
"Samsung Galaxy M35 5G (DayBreak Blue, 256 GB)","₹18,556",4.3
"Apple iPhone 16 Pro (Black Titanium, 256 GB)","₹1,22,900",4.7
"Samsung Galaxy M35 5G (Moonlight Blue, 256 GB)","₹24,432",4.3
"REDMI A4 5G only on Jio SIM (Starry Black, 64 GB)","₹8,670",4.3
"vivo T3 5G (Crystal Flake, 128 GB)","₹17,499",4.4
"Nothing Phone (3a) Pro (Grey, 256 GB)","₹33,999",4.5
"vivo T3 5G (Cosmic Blue, 128 GB)","₹17,499",4.4
"vivo T3 5G (Crystal Flake, 256 GB)","₹18,999",4.4
"POCO C75 5G (Enchanted Green, 128 GB)","₹8,499",4.3
